{
    "accuracy": 0.9525316455696202,
    "precision": 0.9517346638036294,
    "recall": 0.9339598997493734,
    "f1_score": 0.9415024223982791,
    "diag_mean": 0.9339598997493734
}