{
    "accuracy": 0.9917171644734483,
    "precision": 0.9861575699851683,
    "recall": 0.9887904945707491,
    "f1_score": 0.9873591091507382,
    "diag_mean": 0.9887904945707491
}