{
    "accuracy": 0.9545454545454546,
    "precision": 0.9583333333333334,
    "recall": 0.9523809523809524,
    "f1_score": 0.9521367521367522,
    "diag_mean": 0.9523809523809524
}